Genotype,Environment,Env_p,gv,phenotype
1,Env1_low,0.15,2207.68963243886,2109.38992487732
2,Env1_low,0.15,2490.92567385302,1763.2767174156
3,Env1_low,0.15,1954.30601927334,3355.51083916618
4,Env1_low,0.15,2357.43708264804,1146.32806796435
5,Env1_low,0.15,1928.6848320762,1789.73193357604
6,Env1_low,0.15,3194.0208577912,3523.80881327394
7,Env1_low,0.15,2357.94926893005,2544.72827410389
8,Env1_low,0.15,2884.82673697907,3804.66621132777
9,Env1_low,0.15,2290.20793268307,2014.4045789033
10,Env1_low,0.15,1887.33121344481,2392.49672912428
11,Env1_low,0.15,2996.1961144898,3336.55286951669
12,Env1_low,0.15,2660.31420000063,2322.83827296876
13,Env1_low,0.15,1935.97573363928,1603.82014842212
14,Env1_low,0.15,2565.60061808874,2848.45224891287
15,Env1_low,0.15,2847.84670394512,3652.71260499099
16,Env1_low,0.15,1787.74468361119,788.941205366291
17,Env1_low,0.15,2007.35787747105,1911.18374747863
18,Env1_low,0.15,2530.90563794902,4080.25976184588
19,Env1_low,0.15,2272.0532263505,2092.6603777843
20,Env1_low,0.15,2122.23946695842,1256.41044777295
21,Env1_low,0.15,3435.11839578981,4290.19289951925
22,Env1_low,0.15,2647.42231612704,1476.71238731594
23,Env1_low,0.15,2388.24086074826,1900.84035337561
24,Env1_low,0.15,2079.95302331104,2755.11869610407
25,Env1_low,0.15,2579.83886960019,1736.41936881912
26,Env1_low,0.15,2512.48249600818,3721.75472139793
27,Env1_low,0.15,2226.54710226728,3217.91072735438
28,Env1_low,0.15,2331.82935113351,2296.180803838
29,Env1_low,0.15,2860.25229755347,912.846790323032
30,Env1_low,0.15,2536.05592237066,2332.21150231723
31,Env1_low,0.15,1738.52961692368,835.684209520347
32,Env1_low,0.15,2422.38636073729,974.757213163297
33,Env1_low,0.15,2671.1034397995,2673.12207399889
34,Env1_low,0.15,2157.86358052787,2413.52387977734
35,Env1_low,0.15,2270.22692939912,1906.83429570438
36,Env1_low,0.15,1643.71384343339,1656.18233983165
37,Env1_low,0.15,2454.76816827632,3793.68192035038
38,Env1_low,0.15,2650.38363938313,3187.20371508415
39,Env1_low,0.15,2341.02705792697,2816.82028420307
40,Env1_low,0.15,3384.2948200647,3276.84073592984
41,Env1_low,0.15,2090.21731627911,1058.37027908486
42,Env1_low,0.15,3028.46278170876,2364.00662396073
43,Env1_low,0.15,2463.03875633436,2737.08883503542
44,Env1_low,0.15,2374.22556420288,1920.14858407845
45,Env1_low,0.15,2312.10259310602,3130.36200154977
46,Env1_low,0.15,2014.15140990612,2474.36879743532
47,Env1_low,0.15,2643.76006804979,2512.3187750154
48,Env1_low,0.15,2641.4657629737,3674.91270465148
49,Env1_low,0.15,2908.773423191,1510.47091262928
50,Env1_low,0.15,2554.32758238703,1780.99452278391
51,Env1_low,0.15,2414.43493029443,1803.14241653434
52,Env1_low,0.15,2891.31493059166,2130.43757287106
53,Env1_low,0.15,1732.34433241002,2060.94572385203
54,Env1_low,0.15,2962.22252903437,2151.56124314249
55,Env1_low,0.15,2605.02107934765,1843.69942921853
56,Env1_low,0.15,2376.86388479608,1848.7609603657
57,Env1_low,0.15,2386.73795975971,2368.3277073725
58,Env1_low,0.15,2093.98650393703,227.796979375952
59,Env1_low,0.15,3401.03205001737,2896.05326615839
60,Env1_low,0.15,1942.31833461203,1889.41312209975
61,Env1_low,0.15,2289.34051069094,2664.1358926343
62,Env1_low,0.15,3024.03226040783,3343.30598897052
63,Env1_low,0.15,1897.23400349333,1751.57001404059
64,Env1_low,0.15,2371.93833183928,3103.13348382605
65,Env1_low,0.15,2374.28401426348,2434.5180555546
66,Env1_low,0.15,2559.92633952793,2635.10776119869
67,Env1_low,0.15,2829.65817112846,2468.3334967942
68,Env1_low,0.15,2156.11003464123,2021.68873244707
69,Env1_low,0.15,2407.01173580006,2494.39857324847
70,Env1_low,0.15,2577.23612788973,2568.18744576506
71,Env1_low,0.15,2946.79909279573,4112.62903237014
72,Env1_low,0.15,2778.39209474072,1954.06897716229
73,Env1_low,0.15,2886.70665718323,2217.02624515807
74,Env1_low,0.15,2683.14181228961,2528.35019702312
75,Env1_low,0.15,2018.63853943818,2214.1724444355
76,Env1_low,0.15,2236.36448828722,3148.40182596885
77,Env1_low,0.15,2207.22337638039,1724.11726307648
78,Env1_low,0.15,2194.5880206746,1478.50181881506
79,Env1_low,0.15,2450.32976646994,2605.2991210199
80,Env1_low,0.15,2086.36754142479,1765.27920749712
81,Env1_low,0.15,2556.85184655355,2110.50551507471
82,Env1_low,0.15,3145.0637447082,1822.49890753776
83,Env1_low,0.15,2657.75393234456,3326.02114275374
84,Env1_low,0.15,2606.50077112597,2205.37706225049
85,Env1_low,0.15,2594.19825211862,3511.34066931168
86,Env1_low,0.15,2065.92300115474,4053.99366650297
87,Env1_low,0.15,3002.33928119492,3426.15858904908
88,Env1_low,0.15,2109.20257205974,2175.70338640736
89,Env1_low,0.15,2567.33397715655,2479.78311854252
90,Env1_low,0.15,2038.25709791231,2136.33868561304
91,Env1_low,0.15,2113.54101819699,1684.86685126603
92,Env1_low,0.15,3022.54007755098,4138.75293543848
93,Env1_low,0.15,2910.54880980997,3168.05374299094
94,Env1_low,0.15,2879.24870780635,2635.4604583104
95,Env1_low,0.15,2634.60999726587,3209.48080378538
96,Env1_low,0.15,2476.53646265882,1922.61246210682
97,Env1_low,0.15,2694.81597100147,2880.74826098941
98,Env1_low,0.15,2079.32722569112,1697.34198223872
99,Env1_low,0.15,2902.24269472915,2045.16720705445
100,Env1_low,0.15,2719.0727051563,3088.67840884081
101,Env1_low,0.15,2504.66041561356,3226.05429024867
102,Env1_low,0.15,3139.48602249906,2451.01743956691
103,Env1_low,0.15,3042.45911326598,4184.76028901299
104,Env1_low,0.15,2243.21636013974,2100.36035067423
105,Env1_low,0.15,2577.8138430525,1922.0676168672
106,Env1_low,0.15,2046.94314017449,2630.24239483146
107,Env1_low,0.15,2212.7130041839,1952.89110384672
108,Env1_low,0.15,2824.74262340472,2772.48356177939
109,Env1_low,0.15,2284.09408493724,2050.02825386757
110,Env1_low,0.15,2669.96871301945,3256.77900870046
111,Env1_low,0.15,3220.16998775139,3323.06976649599
112,Env1_low,0.15,2442.19036765686,1928.53419597743
113,Env1_low,0.15,2572.37705275627,2371.75822999659
114,Env1_low,0.15,3048.99512155751,1754.46162761462
115,Env1_low,0.15,2712.92624386039,2405.1050374516
116,Env1_low,0.15,2298.01426429132,2633.27390196156
117,Env1_low,0.15,2641.46511683152,3486.32259024767
118,Env1_low,0.15,2087.91197013667,1964.40216266736
119,Env1_low,0.15,2350.64522063698,2311.97516932507
120,Env1_low,0.15,2321.68539920227,2266.09647650759
121,Env1_low,0.15,2767.62652906124,2598.55464176845
122,Env1_low,0.15,1814.05650813494,1490.68737660035
123,Env1_low,0.15,2282.01230883823,827.189498798879
124,Env1_low,0.15,2221.09293251667,2726.35136983524
125,Env1_low,0.15,1705.70665884365,976.356929230693
126,Env1_low,0.15,2106.73709119228,2038.75290773261
127,Env1_low,0.15,3099.96838746793,1962.35659077017
128,Env1_low,0.15,2019.78260250469,1544.98963056882
129,Env1_low,0.15,3200.34582897209,1280.69233924244
130,Env1_low,0.15,2843.72333651815,3878.08926937854
131,Env1_low,0.15,2233.42014363628,2539.56603307231
132,Env1_low,0.15,2219.93769475456,2058.57549992202
133,Env1_low,0.15,2838.77177573889,2800.6160249017
134,Env1_low,0.15,3125.28341469809,2106.81888245002
135,Env1_low,0.15,3263.244078406,3262.86628648731
136,Env1_low,0.15,1792.99475110446,1147.25765392868
137,Env1_low,0.15,3083.78462366594,2655.37171688986
138,Env1_low,0.15,2758.35940950777,4284.98938963254
139,Env1_low,0.15,2726.97325975034,3416.23076701173
140,Env1_low,0.15,2370.41613583619,2212.07204352967
141,Env1_low,0.15,2814.95145173816,1820.01001028798
142,Env1_low,0.15,2679.37853486734,1426.3229336112
143,Env1_low,0.15,2146.6220528465,1622.91557872349
144,Env1_low,0.15,2307.93595235174,2565.52961591247
145,Env1_low,0.15,1941.12452710614,3270.43396882512
146,Env1_low,0.15,2485.82876962935,2573.87507105631
147,Env1_low,0.15,3225.22836892517,3988.70099333863
148,Env1_low,0.15,2321.20681204641,1337.14982435087
149,Env1_low,0.15,2287.73256297083,2902.74897999628
150,Env1_low,0.15,1904.31031660814,1091.93332405834
151,Env1_low,0.15,2133.4687368416,2857.73272328409
152,Env1_low,0.15,2344.81560587875,2301.79680831892
153,Env1_low,0.15,2088.84164671163,3307.2318772098
154,Env1_low,0.15,2810.37927519336,2706.18002869491
155,Env1_low,0.15,2269.41493087078,2831.16074759676
156,Env1_low,0.15,2943.48914087913,3028.45744924552
157,Env1_low,0.15,2801.29872850574,1805.97310189565
158,Env1_low,0.15,2595.7840094947,3434.0923296498
159,Env1_low,0.15,2016.73954104886,1595.45066085499
160,Env1_low,0.15,2702.73386222181,2610.21841832446
161,Env1_low,0.15,2735.54079902078,3078.57931438407
162,Env1_low,0.15,3032.90551400474,3682.29639467181
163,Env1_low,0.15,2802.92892684216,2655.96953284616
164,Env1_low,0.15,2353.50601570018,2196.32948229787
165,Env1_low,0.15,3092.14455922601,3687.64791335629
166,Env1_low,0.15,2723.10879849825,2047.4981013699
167,Env1_low,0.15,2626.46160028468,3505.89739876154
168,Env1_low,0.15,2367.15468702625,2348.98988512144
169,Env1_low,0.15,2791.62536274078,3066.42153932596
170,Env1_low,0.15,1958.99267561817,2743.14926186656
171,Env1_low,0.15,2531.86710686888,2482.18167374364
172,Env1_low,0.15,2989.6516566303,1937.10110265711
173,Env1_low,0.15,1751.80576541726,826.91706256301
174,Env1_low,0.15,2331.34253479354,2683.78616240602
175,Env1_low,0.15,2643.377971055,2815.75088383085
176,Env1_low,0.15,2104.1485325293,1422.89684115783
177,Env1_low,0.15,3011.03773665753,4015.77594281599
178,Env1_low,0.15,2754.788022405,3008.81375641191
179,Env1_low,0.15,1919.47793576855,1570.32668563387
180,Env1_low,0.15,2551.63934058452,3308.59154972505
181,Env1_low,0.15,2517.70378199156,1889.57011695986
182,Env1_low,0.15,3271.03994984111,3784.17575465794
183,Env1_low,0.15,2505.96933388918,1835.98378583128
184,Env1_low,0.15,2163.87500989275,3052.73413478581
185,Env1_low,0.15,2807.14572672817,3347.80771240096
186,Env1_low,0.15,2829.22890273819,3913.57354458199
187,Env1_low,0.15,2307.77139656215,2277.35014163586
188,Env1_low,0.15,2531.95183230422,2212.29242035342
189,Env1_low,0.15,3195.12809538842,3174.51015641755
190,Env1_low,0.15,2105.28884510671,1596.38189061501
191,Env1_low,0.15,2835.81163785136,4471.34495449684
192,Env1_low,0.15,2666.40479668958,2932.61384508953
193,Env1_low,0.15,2528.00897247367,3090.22131095116
194,Env1_low,0.15,2000.48732000992,2120.74539246221
195,Env1_low,0.15,2302.96926137586,3587.49287185057
196,Env1_low,0.15,2337.68203855644,2457.52637626566
197,Env1_low,0.15,2584.10628382997,2278.01193149609
198,Env1_low,0.15,2867.37059197211,4173.6919954674
199,Env1_low,0.15,2619.49934739074,2300.73877713241
200,Env1_low,0.15,2211.36650837524,2758.74248048141
1,Env2_mid,0.5,2207.68963243886,1870.73065793097
2,Env2_mid,0.5,2490.92567385302,2560.89728571329
3,Env2_mid,0.5,1954.30601927334,2881.53837349651
4,Env2_mid,0.5,2357.43708264804,1526.73854296625
5,Env2_mid,0.5,1928.6848320762,2409.9449813951
6,Env2_mid,0.5,3194.0208577912,3129.93719272061
7,Env2_mid,0.5,2357.94926893005,2654.1323897835
8,Env2_mid,0.5,2884.82673697907,2547.5756982453
9,Env2_mid,0.5,2290.20793268307,2763.97502931341
10,Env2_mid,0.5,1887.33121344481,2193.98671395197
11,Env2_mid,0.5,2996.1961144898,2825.07648200109
12,Env2_mid,0.5,2660.31420000063,3257.25327045442
13,Env2_mid,0.5,1935.97573363928,2708.48184422702
14,Env2_mid,0.5,2565.60061808874,1997.98692118144
15,Env2_mid,0.5,2847.84670394512,3267.13678643627
16,Env2_mid,0.5,1787.74468361119,3091.02000201381
17,Env2_mid,0.5,2007.35787747105,1981.3608912913
18,Env2_mid,0.5,2530.90563794902,3779.92524311088
19,Env2_mid,0.5,2272.0532263505,2691.16099219951
20,Env2_mid,0.5,2122.23946695842,2797.12932665396
21,Env2_mid,0.5,3435.11839578981,3522.6772624863
22,Env2_mid,0.5,2647.42231612704,2178.46800605512
23,Env2_mid,0.5,2388.24086074826,3077.40233894743
24,Env2_mid,0.5,2079.95302331104,2213.87961693274
25,Env2_mid,0.5,2579.83886960019,2458.08175665474
26,Env2_mid,0.5,2512.48249600818,2060.94986030843
27,Env2_mid,0.5,2226.54710226728,3115.55757569102
28,Env2_mid,0.5,2331.82935113351,3631.76466438987
29,Env2_mid,0.5,2860.25229755347,2718.45564542908
30,Env2_mid,0.5,2536.05592237066,2862.98934353532
31,Env2_mid,0.5,1738.52961692368,2440.951240486
32,Env2_mid,0.5,2422.38636073729,2748.8079496548
33,Env2_mid,0.5,2671.1034397995,2825.25254900287
34,Env2_mid,0.5,2157.86358052787,1973.75474583155
35,Env2_mid,0.5,2270.22692939912,3145.9065009498
36,Env2_mid,0.5,1643.71384343339,1594.85830315172
37,Env2_mid,0.5,2454.76816827632,2601.7064563314
38,Env2_mid,0.5,2650.38363938313,3210.80957307955
39,Env2_mid,0.5,2341.02705792697,1126.11812858309
40,Env2_mid,0.5,3384.2948200647,3053.34734241656
41,Env2_mid,0.5,2090.21731627911,2121.26589825628
42,Env2_mid,0.5,3028.46278170876,2744.79968362697
43,Env2_mid,0.5,2463.03875633436,2719.96454386944
44,Env2_mid,0.5,2374.22556420288,2235.47072928745
45,Env2_mid,0.5,2312.10259310602,1824.87946144767
46,Env2_mid,0.5,2014.15140990612,2110.19848233494
47,Env2_mid,0.5,2643.76006804979,2000.73908773358
48,Env2_mid,0.5,2641.4657629737,2922.48178187285
49,Env2_mid,0.5,2908.773423191,2788.48576098394
50,Env2_mid,0.5,2554.32758238703,1902.93861559266
51,Env2_mid,0.5,2414.43493029443,2762.30713912842
52,Env2_mid,0.5,2891.31493059166,821.873324169505
53,Env2_mid,0.5,1732.34433241002,2137.16168280718
54,Env2_mid,0.5,2962.22252903437,3359.62064742136
55,Env2_mid,0.5,2605.02107934765,3189.21991219455
56,Env2_mid,0.5,2376.86388479608,2374.28756550483
57,Env2_mid,0.5,2386.73795975971,2721.69177929125
58,Env2_mid,0.5,2093.98650393703,1762.31964016094
59,Env2_mid,0.5,3401.03205001737,3704.50763605354
60,Env2_mid,0.5,1942.31833461203,3371.37174609983
61,Env2_mid,0.5,2289.34051069094,2939.16923691435
62,Env2_mid,0.5,3024.03226040783,2834.07108500023
63,Env2_mid,0.5,1897.23400349333,1395.22520020026
64,Env2_mid,0.5,2371.93833183928,1414.47381117855
65,Env2_mid,0.5,2374.28401426348,2006.87225485792
66,Env2_mid,0.5,2559.92633952793,2804.81238479825
67,Env2_mid,0.5,2829.65817112846,2981.26655537234
68,Env2_mid,0.5,2156.11003464123,2322.55017147485
69,Env2_mid,0.5,2407.01173580006,1717.09540505529
70,Env2_mid,0.5,2577.23612788973,2997.76036353254
71,Env2_mid,0.5,2946.79909279573,2157.30516366778
72,Env2_mid,0.5,2778.39209474072,3413.12831421138
73,Env2_mid,0.5,2886.70665718323,2768.51527589002
74,Env2_mid,0.5,2683.14181228961,4088.71697534806
75,Env2_mid,0.5,2018.63853943818,1528.68493874786
76,Env2_mid,0.5,2236.36448828722,2727.39940977469
77,Env2_mid,0.5,2207.22337638039,2443.86294189497
78,Env2_mid,0.5,2194.5880206746,2304.51298799001
79,Env2_mid,0.5,2450.32976646994,1835.25623329487
80,Env2_mid,0.5,2086.36754142479,2008.70626942882
81,Env2_mid,0.5,2556.85184655355,1901.26924441629
82,Env2_mid,0.5,3145.0637447082,2632.12719000274
83,Env2_mid,0.5,2657.75393234456,2297.24741756363
84,Env2_mid,0.5,2606.50077112597,2110.16649666228
85,Env2_mid,0.5,2594.19825211862,3380.90302164899
86,Env2_mid,0.5,2065.92300115474,1967.262590174
87,Env2_mid,0.5,3002.33928119492,2437.31950366722
88,Env2_mid,0.5,2109.20257205974,1157.1358621923
89,Env2_mid,0.5,2567.33397715655,2930.42379597908
90,Env2_mid,0.5,2038.25709791231,1723.36365144822
91,Env2_mid,0.5,2113.54101819699,1940.27699318702
92,Env2_mid,0.5,3022.54007755098,3201.80670103205
93,Env2_mid,0.5,2910.54880980997,3211.7330037306
94,Env2_mid,0.5,2879.24870780635,2608.82563959796
95,Env2_mid,0.5,2634.60999726587,2652.66013732029
96,Env2_mid,0.5,2476.53646265882,2684.27457007451
97,Env2_mid,0.5,2694.81597100147,2279.93772994234
98,Env2_mid,0.5,2079.32722569112,2095.61347799998
99,Env2_mid,0.5,2902.24269472915,2822.97257486056
100,Env2_mid,0.5,2719.0727051563,2377.61289503164
101,Env2_mid,0.5,2504.66041561356,1649.69227439366
102,Env2_mid,0.5,3139.48602249906,3379.98117832212
103,Env2_mid,0.5,3042.45911326598,1926.85478200628
104,Env2_mid,0.5,2243.21636013974,2220.40216828985
105,Env2_mid,0.5,2577.8138430525,3914.38160154154
106,Env2_mid,0.5,2046.94314017449,2430.74371282237
107,Env2_mid,0.5,2212.7130041839,2476.13080544093
108,Env2_mid,0.5,2824.74262340472,1959.94319667955
109,Env2_mid,0.5,2284.09408493724,2534.76621077944
110,Env2_mid,0.5,2669.96871301945,2742.15459874861
111,Env2_mid,0.5,3220.16998775139,3535.88190887998
112,Env2_mid,0.5,2442.19036765686,2627.76919745453
113,Env2_mid,0.5,2572.37705275627,3019.95284776913
114,Env2_mid,0.5,3048.99512155751,1666.34302994763
115,Env2_mid,0.5,2712.92624386039,2696.96014598153
116,Env2_mid,0.5,2298.01426429132,1922.34383021106
117,Env2_mid,0.5,2641.46511683152,2597.00077148753
118,Env2_mid,0.5,2087.91197013667,1730.96786054604
119,Env2_mid,0.5,2350.64522063698,3729.52821895436
120,Env2_mid,0.5,2321.68539920227,2048.24186173125
121,Env2_mid,0.5,2767.62652906124,2295.13323173114
122,Env2_mid,0.5,1814.05650813494,1257.35034069247
123,Env2_mid,0.5,2282.01230883823,1713.67866704413
124,Env2_mid,0.5,2221.09293251667,1906.74647222122
125,Env2_mid,0.5,1705.70665884365,979.728827372237
126,Env2_mid,0.5,2106.73709119228,2493.09879851036
127,Env2_mid,0.5,3099.96838746793,3827.57742865673
128,Env2_mid,0.5,2019.78260250469,2590.88532856218
129,Env2_mid,0.5,3200.34582897209,2879.30320182859
130,Env2_mid,0.5,2843.72333651815,2415.51565930466
131,Env2_mid,0.5,2233.42014363628,1674.15782982701
132,Env2_mid,0.5,2219.93769475456,1845.30027619712
133,Env2_mid,0.5,2838.77177573889,1560.36307754536
134,Env2_mid,0.5,3125.28341469809,3504.10552952772
135,Env2_mid,0.5,3263.244078406,3994.46234577213
136,Env2_mid,0.5,1792.99475110446,2570.75583838665
137,Env2_mid,0.5,3083.78462366594,2832.04669417493
138,Env2_mid,0.5,2758.35940950777,1954.34780283048
139,Env2_mid,0.5,2726.97325975034,1544.34893431327
140,Env2_mid,0.5,2370.41613583619,1439.29380353433
141,Env2_mid,0.5,2814.95145173816,2491.45746558149
142,Env2_mid,0.5,2679.37853486734,2517.82078413509
143,Env2_mid,0.5,2146.6220528465,2623.51300226039
144,Env2_mid,0.5,2307.93595235174,3154.46688200329
145,Env2_mid,0.5,1941.12452710614,949.965704621344
146,Env2_mid,0.5,2485.82876962935,2136.30392757055
147,Env2_mid,0.5,3225.22836892517,3929.893404704
148,Env2_mid,0.5,2321.20681204641,2892.2600238989
149,Env2_mid,0.5,2287.73256297083,3845.70355929706
150,Env2_mid,0.5,1904.31031660814,814.095683974025
151,Env2_mid,0.5,2133.4687368416,990.64445923435
152,Env2_mid,0.5,2344.81560587875,2360.51604532614
153,Env2_mid,0.5,2088.84164671163,1973.39948231545
154,Env2_mid,0.5,2810.37927519336,3395.49240310311
155,Env2_mid,0.5,2269.41493087078,2760.35742217907
156,Env2_mid,0.5,2943.48914087913,3019.18822307739
157,Env2_mid,0.5,2801.29872850574,3423.77257479644
158,Env2_mid,0.5,2595.7840094947,2055.9687779087
159,Env2_mid,0.5,2016.73954104886,2177.41493361806
160,Env2_mid,0.5,2702.73386222181,4226.52658533376
161,Env2_mid,0.5,2735.54079902078,3314.02809728693
162,Env2_mid,0.5,3032.90551400474,3809.26835975127
163,Env2_mid,0.5,2802.92892684216,3259.85431942287
164,Env2_mid,0.5,2353.50601570018,2850.40711674011
165,Env2_mid,0.5,3092.14455922601,3463.97367424937
166,Env2_mid,0.5,2723.10879849825,3241.388498683
167,Env2_mid,0.5,2626.46160028468,2098.81435310389
168,Env2_mid,0.5,2367.15468702625,2893.99477431375
169,Env2_mid,0.5,2791.62536274078,3350.68625397901
170,Env2_mid,0.5,1958.99267561817,2675.38113739895
171,Env2_mid,0.5,2531.86710686888,2754.53030791111
172,Env2_mid,0.5,2989.6516566303,3830.13624930848
173,Env2_mid,0.5,1751.80576541726,1418.59441291585
174,Env2_mid,0.5,2331.34253479354,1562.26787426627
175,Env2_mid,0.5,2643.377971055,3841.66943291663
176,Env2_mid,0.5,2104.1485325293,2095.92926362281
177,Env2_mid,0.5,3011.03773665753,3553.1303691778
178,Env2_mid,0.5,2754.788022405,3101.506380775
179,Env2_mid,0.5,1919.47793576855,830.089726257576
180,Env2_mid,0.5,2551.63934058452,3942.05428109431
181,Env2_mid,0.5,2517.70378199156,3285.46743674548
182,Env2_mid,0.5,3271.03994984111,3685.8413145843
183,Env2_mid,0.5,2505.96933388918,2443.4855092273
184,Env2_mid,0.5,2163.87500989275,2054.72199994124
185,Env2_mid,0.5,2807.14572672817,2526.18788609913
186,Env2_mid,0.5,2829.22890273819,1622.9533619714
187,Env2_mid,0.5,2307.77139656215,1748.29353154763
188,Env2_mid,0.5,2531.95183230422,2116.38183852752
189,Env2_mid,0.5,3195.12809538842,4500.86645530483
190,Env2_mid,0.5,2105.28884510671,624.735108619164
191,Env2_mid,0.5,2835.81163785136,3501.40957150296
192,Env2_mid,0.5,2666.40479668958,2406.99547844794
193,Env2_mid,0.5,2528.00897247367,2451.41170680061
194,Env2_mid,0.5,2000.48732000992,1781.5217142066
195,Env2_mid,0.5,2302.96926137586,2790.30423272723
196,Env2_mid,0.5,2337.68203855644,1788.11271335911
197,Env2_mid,0.5,2584.10628382997,2069.69426200789
198,Env2_mid,0.5,2867.37059197211,3808.07846193358
199,Env2_mid,0.5,2619.49934739074,2399.88482277718
200,Env2_mid,0.5,2211.36650837524,1980.93528126527
1,Env3_high,0.85,2207.68963243886,694.472900435205
2,Env3_high,0.85,2490.92567385302,2919.34581529645
3,Env3_high,0.85,1954.30601927334,1458.61737031439
4,Env3_high,0.85,2357.43708264804,3304.67073484732
5,Env3_high,0.85,1928.6848320762,27.9628976721888
6,Env3_high,0.85,3194.0208577912,4336.52479110286
7,Env3_high,0.85,2357.94926893005,2567.73992026504
8,Env3_high,0.85,2884.82673697907,3143.81833514334
9,Env3_high,0.85,2290.20793268307,2208.99013151614
10,Env3_high,0.85,1887.33121344481,2299.09178859713
11,Env3_high,0.85,2996.1961144898,2608.6007727503
12,Env3_high,0.85,2660.31420000063,2200.47013217599
13,Env3_high,0.85,1935.97573363928,1398.69398351789
14,Env3_high,0.85,2565.60061808874,2844.43347537765
15,Env3_high,0.85,2847.84670394512,2598.87235038306
16,Env3_high,0.85,1787.74468361119,1520.69883371721
17,Env3_high,0.85,2007.35787747105,2233.4172199318
18,Env3_high,0.85,2530.90563794902,1914.25529593802
19,Env3_high,0.85,2272.0532263505,3002.28543217037
20,Env3_high,0.85,2122.23946695842,1634.15785448148
21,Env3_high,0.85,3435.11839578981,1955.70931019608
22,Env3_high,0.85,2647.42231612704,2851.68897685648
23,Env3_high,0.85,2388.24086074826,3132.29583941914
24,Env3_high,0.85,2079.95302331104,1906.0470523657
25,Env3_high,0.85,2579.83886960019,3269.06229233793
26,Env3_high,0.85,2512.48249600818,2469.71510026444
27,Env3_high,0.85,2226.54710226728,1948.56707994488
28,Env3_high,0.85,2331.82935113351,2614.13682622879
29,Env3_high,0.85,2860.25229755347,4259.55405307377
30,Env3_high,0.85,2536.05592237066,772.821782275659
31,Env3_high,0.85,1738.52961692368,1263.70539770999
32,Env3_high,0.85,2422.38636073729,3137.62677094559
33,Env3_high,0.85,2671.1034397995,2085.71603129314
34,Env3_high,0.85,2157.86358052787,1787.92346907866
35,Env3_high,0.85,2270.22692939912,2604.85117243098
36,Env3_high,0.85,1643.71384343339,1862.66414777138
37,Env3_high,0.85,2454.76816827632,1793.47648311063
38,Env3_high,0.85,2650.38363938313,2398.34477103362
39,Env3_high,0.85,2341.02705792697,2268.89050918751
40,Env3_high,0.85,3384.2948200647,3078.65380221362
41,Env3_high,0.85,2090.21731627911,3040.80069352215
42,Env3_high,0.85,3028.46278170876,3922.63744986098
43,Env3_high,0.85,2463.03875633436,1727.12142835101
44,Env3_high,0.85,2374.22556420288,1932.50970298856
45,Env3_high,0.85,2312.10259310602,3572.19446380731
46,Env3_high,0.85,2014.15140990612,2822.46926116638
47,Env3_high,0.85,2643.76006804979,2191.83661454898
48,Env3_high,0.85,2641.4657629737,1934.29360857562
49,Env3_high,0.85,2908.773423191,3738.58226144886
50,Env3_high,0.85,2554.32758238703,2887.18223624599
51,Env3_high,0.85,2414.43493029443,3256.69143616079
52,Env3_high,0.85,2891.31493059166,3306.90963287319
53,Env3_high,0.85,1732.34433241002,321.117283628706
54,Env3_high,0.85,2962.22252903437,3319.56851227191
55,Env3_high,0.85,2605.02107934765,2481.58441014559
56,Env3_high,0.85,2376.86388479608,2249.32065404126
57,Env3_high,0.85,2386.73795975971,3203.2157141704
58,Env3_high,0.85,2093.98650393703,1894.79433889393
59,Env3_high,0.85,3401.03205001737,3993.69080574409
60,Env3_high,0.85,1942.31833461203,1006.33049274923
61,Env3_high,0.85,2289.34051069094,2025.69620260237
62,Env3_high,0.85,3024.03226040783,1733.88039660781
63,Env3_high,0.85,1897.23400349333,698.730130461688
64,Env3_high,0.85,2371.93833183928,1832.300158459
65,Env3_high,0.85,2374.28401426348,2068.09018671616
66,Env3_high,0.85,2559.92633952793,1487.32040699578
67,Env3_high,0.85,2829.65817112846,2361.15784600579
68,Env3_high,0.85,2156.11003464123,1963.07773112606
69,Env3_high,0.85,2407.01173580006,2533.47006499845
70,Env3_high,0.85,2577.23612788973,1891.63398956683
71,Env3_high,0.85,2946.79909279573,3601.52398996288
72,Env3_high,0.85,2778.39209474072,1621.64560708084
73,Env3_high,0.85,2886.70665718323,2102.60249204026
74,Env3_high,0.85,2683.14181228961,3227.16629529773
75,Env3_high,0.85,2018.63853943818,1873.97941439102
76,Env3_high,0.85,2236.36448828722,1604.79610613821
77,Env3_high,0.85,2207.22337638039,2461.35939570835
78,Env3_high,0.85,2194.5880206746,2597.67479656013
79,Env3_high,0.85,2450.32976646994,3895.33459085768
80,Env3_high,0.85,2086.36754142479,3150.86782649718
81,Env3_high,0.85,2556.85184655355,3116.816370025
82,Env3_high,0.85,3145.0637447082,3487.15822103042
83,Env3_high,0.85,2657.75393234456,2478.43674550017
84,Env3_high,0.85,2606.50077112597,2854.99356989984
85,Env3_high,0.85,2594.19825211862,2890.49472301173
86,Env3_high,0.85,2065.92300115474,647.936935164346
87,Env3_high,0.85,3002.33928119492,2164.37031995919
88,Env3_high,0.85,2109.20257205974,2980.12240479911
89,Env3_high,0.85,2567.33397715655,3061.50103800035
90,Env3_high,0.85,2038.25709791231,1938.10519923808
91,Env3_high,0.85,2113.54101819699,2768.71918647786
92,Env3_high,0.85,3022.54007755098,2989.8468984442
93,Env3_high,0.85,2910.54880980997,2949.66959023598
94,Env3_high,0.85,2879.24870780635,3518.66981864574
95,Env3_high,0.85,2634.60999726587,3189.42061721048
96,Env3_high,0.85,2476.53646265882,2267.48491100621
97,Env3_high,0.85,2694.81597100147,2033.2023387524
98,Env3_high,0.85,2079.32722569112,2726.17743972219
99,Env3_high,0.85,2902.24269472915,2586.21866424302
100,Env3_high,0.85,2719.0727051563,3373.89932108296
101,Env3_high,0.85,2504.66041561356,1797.76636399987
102,Env3_high,0.85,3139.48602249906,2149.78433269629
103,Env3_high,0.85,3042.45911326598,2070.30461646278
104,Env3_high,0.85,2243.21636013974,2137.71711623204
105,Env3_high,0.85,2577.8138430525,2949.48598961102
106,Env3_high,0.85,2046.94314017449,833.921438823091
107,Env3_high,0.85,2212.7130041839,3277.60483811898
108,Env3_high,0.85,2824.74262340472,3149.59663533871
109,Env3_high,0.85,2284.09408493724,973.058786501044
110,Env3_high,0.85,2669.96871301945,2168.98102484227
111,Env3_high,0.85,3220.16998775139,3168.21341138113
112,Env3_high,0.85,2442.19036765686,1437.77085930146
113,Env3_high,0.85,2572.37705275627,3949.05968348798
114,Env3_high,0.85,3048.99512155751,3735.93823304199
115,Env3_high,0.85,2712.92624386039,2612.91327126325
116,Env3_high,0.85,2298.01426429132,2004.21669239
117,Env3_high,0.85,2641.46511683152,1717.06371759069
118,Env3_high,0.85,2087.91197013667,2785.72865509458
119,Env3_high,0.85,2350.64522063698,2537.82797047437
120,Env3_high,0.85,2321.68539920227,1112.04537408166
121,Env3_high,0.85,2767.62652906124,3424.69520407382
122,Env3_high,0.85,1814.05650813494,4592.02775851936
123,Env3_high,0.85,2282.01230883823,3789.3064712797
124,Env3_high,0.85,2221.09293251667,2076.53356702281
125,Env3_high,0.85,1705.70665884365,1543.11337203455
126,Env3_high,0.85,2106.73709119228,2502.83316581753
127,Env3_high,0.85,3099.96838746793,6138.19412782297
128,Env3_high,0.85,2019.78260250469,1462.97609973938
129,Env3_high,0.85,3200.34582897209,3609.31800290308
130,Env3_high,0.85,2843.72333651815,3031.86846739822
131,Env3_high,0.85,2233.42014363628,3805.73319436604
132,Env3_high,0.85,2219.93769475456,2634.31145998184
133,Env3_high,0.85,2838.77177573889,3582.3170979753
134,Env3_high,0.85,3125.28341469809,3206.25759409237
135,Env3_high,0.85,3263.244078406,4079.12517616155
136,Env3_high,0.85,1792.99475110446,1256.86186095182
137,Env3_high,0.85,3083.78462366594,3037.83557143866
138,Env3_high,0.85,2758.35940950777,2116.54413101985
139,Env3_high,0.85,2726.97325975034,2802.54192849461
140,Env3_high,0.85,2370.41613583619,2085.05561078446
141,Env3_high,0.85,2814.95145173816,3044.69178888279
142,Env3_high,0.85,2679.37853486734,2054.09187032074
143,Env3_high,0.85,2146.6220528465,2152.0905307251
144,Env3_high,0.85,2307.93595235174,2668.24872484918
145,Env3_high,0.85,1941.12452710614,2312.0209718732
146,Env3_high,0.85,2485.82876962935,4119.1205623136
147,Env3_high,0.85,3225.22836892517,2144.26245157955
148,Env3_high,0.85,2321.20681204641,1955.47170831632
149,Env3_high,0.85,2287.73256297083,686.08881080139
150,Env3_high,0.85,1904.31031660814,1449.43451574394
151,Env3_high,0.85,2133.4687368416,371.880687251358
152,Env3_high,0.85,2344.81560587875,1879.49160262974
153,Env3_high,0.85,2088.84164671163,1702.81590558142
154,Env3_high,0.85,2810.37927519336,1538.41381162932
155,Env3_high,0.85,2269.41493087078,3274.65457816221
156,Env3_high,0.85,2943.48914087913,4270.79991218535
157,Env3_high,0.85,2801.29872850574,3362.34776347794
158,Env3_high,0.85,2595.7840094947,1564.2563173039
159,Env3_high,0.85,2016.73954104886,1543.67326909142
160,Env3_high,0.85,2702.73386222181,2781.43679380971
161,Env3_high,0.85,2735.54079902078,1515.51350748264
162,Env3_high,0.85,3032.90551400474,2964.28243171781
163,Env3_high,0.85,2802.92892684216,3473.96511944131
164,Env3_high,0.85,2353.50601570018,1935.01069320227
165,Env3_high,0.85,3092.14455922601,3081.95633158047
166,Env3_high,0.85,2723.10879849825,3122.24211919953
167,Env3_high,0.85,2626.46160028468,1148.87763511277
168,Env3_high,0.85,2367.15468702625,2458.98606401386
169,Env3_high,0.85,2791.62536274078,1991.12135442986
170,Env3_high,0.85,1958.99267561817,2679.4305212227
171,Env3_high,0.85,2531.86710686888,2176.11988877902
172,Env3_high,0.85,2989.6516566303,2491.96533449697
173,Env3_high,0.85,1751.80576541726,2160.51914770786
174,Env3_high,0.85,2331.34253479354,2462.67585773114
175,Env3_high,0.85,2643.377971055,2102.82393036942
176,Env3_high,0.85,2104.1485325293,3000.86786704247
177,Env3_high,0.85,3011.03773665753,1185.66466153714
178,Env3_high,0.85,2754.788022405,2735.40208539321
179,Env3_high,0.85,1919.47793576855,1187.12885285433
180,Env3_high,0.85,2551.63934058452,2508.80861607516
181,Env3_high,0.85,2517.70378199156,2495.6854927287
182,Env3_high,0.85,3271.03994984111,3386.65080198086
183,Env3_high,0.85,2505.96933388918,4963.23707224103
184,Env3_high,0.85,2163.87500989275,3614.41381988416
185,Env3_high,0.85,2807.14572672817,3300.43638788492
186,Env3_high,0.85,2829.22890273819,3368.34585516587
187,Env3_high,0.85,2307.77139656215,1938.31663423555
188,Env3_high,0.85,2531.95183230422,4438.61214259013
189,Env3_high,0.85,3195.12809538842,2369.66912606667
190,Env3_high,0.85,2105.28884510671,3058.3191819691
191,Env3_high,0.85,2835.81163785136,4351.85258550136
192,Env3_high,0.85,2666.40479668958,3279.01861188019
193,Env3_high,0.85,2528.00897247367,206.380168927724
194,Env3_high,0.85,2000.48732000992,2307.92724653365
195,Env3_high,0.85,2302.96926137586,1820.1377342812
196,Env3_high,0.85,2337.68203855644,2800.59998149185
197,Env3_high,0.85,2584.10628382997,1703.9651347613
198,Env3_high,0.85,2867.37059197211,2837.02158527307
199,Env3_high,0.85,2619.49934739074,3826.20249185317
200,Env3_high,0.85,2211.36650837524,2300.91647013432
